CustomerID,Age,Gender,Income_Level,Health_Conscious_Score,Current_Food_Preference,Purchase_Intention,Willingness_To_Pay_INR,Feature_Preference_Taste,Feature_Preference_Freshness,Feature_Preference_Packaging,Feature_Preference_Price,Feature_Preference_Availability,Expected_Repeat_Purchase_Rate,Open_Ended_Feedback,Preferred_Channel,Proximity_to_Store,Channel_Satisfaction,Awareness_Source,Promo_Response,Ad_Recall_Score,Coupon_Usage(%),Brand_Engagement
1,58,Male,Low,5,Fried Chicken,1,307,5,4,1,1,2,0.88,Great idea if the portions are filling enough.,Takeaway Counter,3.05,5,TV,No,5,53,Low
2,55,Female,High,1,None,0,268,3,2,3,1,1,0.42,Convenience matters more to me than health.,Drive-Thru,1.86,3,Online Ads,Yes,1,93,Medium
3,25,Female,Low,5,None,0,337,3,2,1,2,3,0.29,Not sure if a salad fits a fast food place.,Dine-In,4.35,4,Word of Mouth,Yes,3,20,Low
4,31,Other,Low,2,Wraps,0,243,2,3,5,2,3,0.47,I'd love a fresh salad option on the menu.,Dine-In,4.13,3,In-store Promo,Yes,2,72,High
5,38,Male,Medium,7,Fries/Sides Only,1,229,2,4,5,4,5,0.65,Convenience matters more to me than health.,Online Order/App,1.17,2,Online Ads,Yes,1,14,Low
6,28,Other,Medium,2,Sandwiches,0,335,5,3,1,1,5,0.53,"I usually come here for indulgent food, not salads.",Online Order/App,0.65,4,TV,Yes,3,64,Medium
7,50,Male,High,5,None,0,282,2,3,5,1,5,0.46,Would try it if there are good dressing options.,Delivery App,0.2,3,Word of Mouth,Yes,2,72,High
8,23,Other,Medium,2,None,0,161,4,3,5,5,4,0.31,Great idea if the portions are filling enough.,Takeaway Counter,3.8,2,Word of Mouth,Yes,3,56,High
9,46,Male,Low,2,Pizza,1,247,5,3,1,2,1,0.8,I'd love a fresh salad option on the menu.,Online Order/App,0.45,2,Word of Mouth,No,2,69,Low
10,54,Other,Medium,8,None,1,203,4,4,1,1,1,0.95,Convenience matters more to me than health.,Online Order/App,4.02,1,TV,Yes,5,57,Low
11,29,Female,Medium,2,Sandwiches,0,307,1,5,1,1,2,0.52,"Price is a concern, salads are usually costly.",Delivery App,2.48,2,In-store Promo,No,2,48,Low
12,42,Female,High,8,Pizza,1,375,5,4,2,3,2,0.71,I'd love a fresh salad option on the menu.,Takeaway Counter,3.71,1,Word of Mouth,Yes,5,61,Medium
13,51,Male,Low,9,Burgers,0,206,1,4,1,5,2,0.38,I'd switch some visits to a salad if it's affordable.,Takeaway Counter,0.29,1,In-store Promo,No,5,66,Low
14,34,Male,Medium,6,Fried Chicken,1,194,3,2,1,1,4,0.91,I'd switch some visits to a salad if it's affordable.,Takeaway Counter,4.98,1,Online Ads,Yes,3,16,High
15,22,Male,Medium,3,Sandwiches,0,285,5,5,5,1,5,0.33,"I usually come here for indulgent food, not salads.",Drive-Thru,4.7,2,Word of Mouth,Yes,1,95,Medium
16,35,Female,Medium,6,Fried Chicken,0,339,5,2,1,1,4,0.44,"I usually come here for indulgent food, not salads.",Drive-Thru,0.12,2,Word of Mouth,Yes,4,70,Medium
17,53,Male,Low,3,Wraps,1,218,5,3,3,3,1,0.82,Would try it if there are good dressing options.,Dine-In,3.44,1,Word of Mouth,No,4,79,Medium
18,33,Male,High,3,Sandwiches,1,291,3,3,2,3,2,0.61,Would love a combo with salad instead of fries.,Drive-Thru,1.97,1,In-store Promo,Yes,4,44,Low
19,32,Male,Low,4,Sandwiches,1,325,3,2,5,3,1,0.92,Not sure if a salad fits a fast food place.,Online Order/App,0.97,3,Social Media,Yes,4,44,Medium
20,38,Female,Medium,9,Burgers,1,307,3,5,5,5,2,0.92,Would try it if there are good dressing options.,Delivery App,0.44,3,Online Ads,Yes,1,92,High
21,50,Female,Medium,6,Sandwiches,0,279,2,2,2,5,5,0.59,"I usually come here for indulgent food, not salads.",Delivery App,2.78,1,Word of Mouth,Yes,4,100,Medium
22,59,Female,Medium,8,Fries/Sides Only,1,279,2,4,5,3,1,0.76,Great idea if the portions are filling enough.,Online Order/App,1.2,2,TV,Yes,2,60,Medium
23,22,Female,Medium,10,Fried Chicken,1,277,4,5,1,1,4,0.95,Great idea if the portions are filling enough.,Dine-In,4.04,5,In-store Promo,Yes,2,15,Medium
24,47,Other,Medium,9,Wraps,1,343,4,3,5,4,5,0.72,Healthy options would make me visit more often.,Dine-In,3.74,4,In-store Promo,Yes,2,81,Low
25,51,Female,Medium,5,Sandwiches,1,217,3,2,1,2,2,0.95,Great idea if the portions are filling enough.,Delivery App,3.5,2,Social Media,Yes,3,69,Medium
26,21,Male,High,7,None,0,315,5,4,3,3,4,0.45,Convenience matters more to me than health.,Takeaway Counter,3.76,5,Online Ads,No,4,28,Low
27,49,Male,Medium,7,Fries/Sides Only,1,269,2,5,4,5,5,0.82,Packaging needs to keep it fresh till I get home.,Drive-Thru,0.51,4,TV,No,2,6,Low
28,38,Male,Medium,6,None,0,224,4,4,1,5,1,0.48,Would try it if there are good dressing options.,Dine-In,3.29,1,Social Media,No,2,2,Medium
29,33,Male,Medium,2,Wraps,0,229,3,3,5,1,2,0.25,"I usually come here for indulgent food, not salads.",Drive-Thru,2.94,3,Online Ads,No,4,50,High
30,30,Male,Medium,4,Burgers,0,212,5,4,5,1,3,0.13,Worried a salad won't taste as good as your burgers.,Delivery App,3.34,1,Online Ads,No,1,53,High
31,24,Female,High,8,Fries/Sides Only,1,219,5,5,5,4,4,0.83,Convenience matters more to me than health.,Takeaway Counter,1.42,2,Social Media,Yes,4,31,Medium
32,54,Other,Medium,6,Burgers,1,233,4,4,3,3,5,0.95,Would love a combo with salad instead of fries.,Online Order/App,2.82,5,TV,Yes,4,62,Medium
33,33,Other,Medium,8,Sandwiches,0,203,2,4,5,3,4,0.52,Worried a salad won't taste as good as your burgers.,Takeaway Counter,1.78,5,Word of Mouth,Yes,4,34,Low
34,32,Male,Medium,6,Burgers,0,358,2,4,3,5,5,0.65,I'd switch some visits to a salad if it's affordable.,Online Order/App,4.9,2,Word of Mouth,Yes,2,38,Low
35,52,Male,Low,1,Wraps,0,317,4,2,3,4,4,0.33,Healthy options would make me visit more often.,Online Order/App,1.0,1,Word of Mouth,No,4,14,High
36,43,Female,Low,1,Fried Chicken,1,241,3,3,5,4,5,0.78,I'd switch some visits to a salad if it's affordable.,Takeaway Counter,1.21,5,In-store Promo,Yes,4,38,High
37,45,Female,Medium,1,Wraps,0,148,2,2,1,2,2,0.24,"Price is a concern, salads are usually costly.",Takeaway Counter,0.47,1,In-store Promo,Yes,5,60,Low
38,32,Female,Medium,8,Burgers,0,369,5,3,4,1,5,0.16,Great idea if the portions are filling enough.,Dine-In,4.55,2,Social Media,Yes,3,76,Medium
39,54,Female,Medium,8,Fries/Sides Only,1,265,3,3,1,5,1,0.86,Convenience matters more to me than health.,Online Order/App,3.06,1,Social Media,Yes,5,75,High
40,35,Other,Low,3,Sandwiches,0,232,3,3,4,1,4,0.54,Would try it if there are good dressing options.,Delivery App,1.73,1,TV,Yes,4,36,Medium
41,43,Other,Low,2,Pizza,1,159,4,4,1,5,4,0.53,Convenience matters more to me than health.,Drive-Thru,1.02,3,Online Ads,No,4,97,Low
42,35,Other,Low,5,Sandwiches,0,257,1,5,2,2,3,0.37,Worried a salad won't taste as good as your burgers.,Drive-Thru,2.81,1,TV,No,1,59,High
43,59,Male,Medium,5,Wraps,0,243,4,4,5,2,4,0.39,Great idea if the portions are filling enough.,Takeaway Counter,2.59,2,Social Media,Yes,4,43,High
44,50,Female,High,5,Fries/Sides Only,1,277,4,4,4,3,3,0.68,Worried a salad won't taste as good as your burgers.,Takeaway Counter,1.95,3,TV,No,2,73,Low
45,44,Male,Low,8,Fries/Sides Only,0,260,2,4,5,5,3,0.46,Not sure if a salad fits a fast food place.,Delivery App,0.59,4,Social Media,No,4,83,High
46,22,Female,High,5,Pizza,0,239,1,5,5,4,3,0.16,Packaging needs to keep it fresh till I get home.,Delivery App,4.37,1,Online Ads,Yes,3,29,Medium
47,45,Male,High,2,Sandwiches,1,196,1,4,3,3,3,0.82,Convenience matters more to me than health.,Dine-In,1.3,4,Online Ads,No,2,21,Low
48,57,Female,Medium,4,Sandwiches,0,181,4,2,1,4,3,0.25,Packaging needs to keep it fresh till I get home.,Takeaway Counter,0.87,4,Word of Mouth,No,3,81,High
49,34,Female,High,4,Sandwiches,0,173,4,2,3,1,4,0.29,"I usually come here for indulgent food, not salads.",Drive-Thru,2.87,1,Online Ads,No,3,99,Medium
50,56,Female,Low,4,Wraps,1,303,2,2,1,3,4,0.55,I'd love a fresh salad option on the menu.,Takeaway Counter,1.89,2,Social Media,No,3,95,Medium
51,30,Male,High,6,Wraps,1,223,2,4,4,3,3,0.95,Not sure if a salad fits a fast food place.,Delivery App,4.82,2,TV,No,4,71,Low
52,43,Male,Low,2,Sandwiches,0,286,3,1,3,1,2,0.2,Healthy options would make me visit more often.,Drive-Thru,3.14,5,Word of Mouth,No,2,82,Low
53,47,Other,Low,7,Burgers,1,365,3,5,2,5,2,0.84,Convenience matters more to me than health.,Delivery App,1.92,5,In-store Promo,No,2,53,Medium
54,49,Other,Medium,5,Burgers,0,203,4,5,1,3,5,0.31,Packaging needs to keep it fresh till I get home.,Online Order/App,0.4,3,TV,No,4,11,Medium
55,59,Other,Medium,1,Burgers,0,177,2,2,5,2,5,0.22,Great idea if the portions are filling enough.,Dine-In,1.71,2,Online Ads,Yes,2,16,Medium
56,29,Male,Medium,1,Fried Chicken,1,286,2,2,3,1,2,0.71,Would love a combo with salad instead of fries.,Delivery App,2.68,1,In-store Promo,Yes,3,65,Medium
57,46,Other,Low,10,Burgers,1,382,5,5,1,1,4,0.95,Convenience matters more to me than health.,Delivery App,3.46,4,In-store Promo,Yes,1,41,Medium
58,22,Male,Low,10,Wraps,1,276,5,4,5,4,1,0.87,Would love a combo with salad instead of fries.,Drive-Thru,4.28,5,TV,Yes,2,52,Low
59,47,Female,Medium,2,Pizza,0,269,3,4,4,1,1,0.27,Not sure if a salad fits a fast food place.,Drive-Thru,2.22,3,TV,No,5,71,Medium
60,60,Male,Medium,7,None,0,186,3,3,5,5,2,0.36,"Price is a concern, salads are usually costly.",Delivery App,1.2,1,Word of Mouth,No,3,14,Medium
61,54,Male,High,9,None,0,315,5,5,3,1,2,0.54,"I usually come here for indulgent food, not salads.",Online Order/App,4.62,3,Social Media,Yes,2,72,Medium
62,22,Male,Medium,1,Burgers,0,171,4,2,3,3,5,0.35,I'd switch some visits to a salad if it's affordable.,Drive-Thru,4.43,2,TV,No,1,86,Low
63,46,Other,Medium,10,Sandwiches,1,243,5,5,3,5,4,0.95,Worried a salad won't taste as good as your burgers.,Online Order/App,0.32,4,Online Ads,Yes,2,38,High
64,26,Female,Low,2,Burgers,0,222,2,1,5,5,3,0.5,Not sure if a salad fits a fast food place.,Delivery App,4.32,1,In-store Promo,Yes,1,40,Medium
65,54,Female,Medium,7,Pizza,1,180,3,5,4,3,1,0.95,Convenience matters more to me than health.,Drive-Thru,1.29,5,In-store Promo,Yes,4,39,Medium
66,32,Female,High,2,Wraps,0,242,2,3,2,2,1,0.26,"Price is a concern, salads are usually costly.",Online Order/App,1.07,5,TV,No,1,22,High
67,58,Female,Medium,10,None,1,336,5,3,3,3,2,0.56,Healthy options would make me visit more often.,Drive-Thru,2.4,3,Word of Mouth,No,3,64,Low
68,47,Female,Low,6,None,1,297,1,3,4,5,5,0.7,Would love a combo with salad instead of fries.,Drive-Thru,2.3,5,TV,Yes,4,64,Low
69,21,Female,Low,6,Fries/Sides Only,1,297,1,4,4,5,5,0.95,I'd switch some visits to a salad if it's affordable.,Dine-In,1.88,3,In-store Promo,Yes,3,86,Medium
70,58,Other,Low,6,Burgers,0,245,3,4,5,2,3,0.2,Not sure if a salad fits a fast food place.,Takeaway Counter,3.35,3,Word of Mouth,No,4,16,Medium
71,23,Female,Medium,6,None,1,309,5,5,5,3,1,0.94,Would try it if there are good dressing options.,Online Order/App,0.98,2,Word of Mouth,No,4,24,Low
72,26,Male,Low,2,Wraps,0,303,5,3,5,2,5,0.37,Convenience matters more to me than health.,Dine-In,0.9,5,TV,No,1,52,Low
73,33,Female,Medium,8,Fried Chicken,1,246,4,5,5,4,4,0.8,"I usually come here for indulgent food, not salads.",Delivery App,2.56,4,TV,No,5,17,High
74,21,Other,Medium,6,Wraps,0,310,5,4,2,3,4,0.32,Worried a salad won't taste as good as your burgers.,Dine-In,4.17,1,TV,No,3,3,Medium
75,43,Other,Medium,7,Burgers,1,182,1,5,2,2,1,0.66,"I usually come here for indulgent food, not salads.",Delivery App,3.51,2,In-store Promo,Yes,1,10,Low
76,31,Male,Medium,10,Wraps,1,355,2,5,4,5,4,0.94,Not sure if a salad fits a fast food place.,Drive-Thru,4.2,4,Online Ads,Yes,5,73,Low
77,27,Female,Medium,10,Pizza,1,283,1,4,5,5,5,0.88,Worried a salad won't taste as good as your burgers.,Takeaway Counter,0.2,4,Social Media,No,3,32,Medium
78,40,Male,Low,2,None,0,287,2,4,2,4,4,0.39,Packaging needs to keep it fresh till I get home.,Dine-In,4.08,1,In-store Promo,Yes,2,5,Medium
79,20,Female,High,9,Sandwiches,0,301,3,5,3,3,1,0.53,Packaging needs to keep it fresh till I get home.,Online Order/App,1.44,3,In-store Promo,No,4,49,Low
80,29,Female,Medium,6,None,0,328,4,5,2,5,3,0.52,Would try it if there are good dressing options.,Drive-Thru,0.49,3,Word of Mouth,Yes,4,21,Medium
81,40,Female,Low,6,Wraps,0,223,1,5,3,5,2,0.52,I'd love a fresh salad option on the menu.,Dine-In,4.26,4,Social Media,Yes,2,99,Medium
82,41,Female,High,1,Wraps,1,218,3,1,5,2,5,0.9,Would try it if there are good dressing options.,Delivery App,1.64,3,TV,No,1,94,Low
83,51,Female,High,2,Pizza,0,277,2,3,4,2,1,0.34,"Price is a concern, salads are usually costly.",Drive-Thru,2.32,4,Social Media,No,3,85,Low
84,22,Other,Medium,5,None,1,302,2,4,1,2,2,0.63,Great idea if the portions are filling enough.,Delivery App,0.23,5,Online Ads,Yes,5,16,Medium
85,23,Male,Low,8,Wraps,1,266,5,5,1,4,4,0.95,Packaging needs to keep it fresh till I get home.,Takeaway Counter,1.79,5,Online Ads,Yes,2,55,Medium
86,21,Male,Medium,5,Fried Chicken,1,347,2,2,3,1,3,0.95,Great idea if the portions are filling enough.,Takeaway Counter,1.44,3,Online Ads,Yes,5,82,Low
87,55,Male,Low,10,Fries/Sides Only,0,268,5,5,1,1,5,0.58,"I usually come here for indulgent food, not salads.",Dine-In,3.86,4,Online Ads,No,4,80,Medium
88,59,Female,Medium,7,Pizza,1,314,2,3,2,3,5,0.9,"Price is a concern, salads are usually costly.",Online Order/App,4.32,3,Word of Mouth,No,2,97,Low
89,53,Male,Low,8,Burgers,1,234,1,5,5,4,2,0.95,"Price is a concern, salads are usually costly.",Online Order/App,4.68,3,TV,No,4,65,Medium
90,37,Female,Low,7,Wraps,1,224,5,4,4,5,4,0.88,"I usually come here for indulgent food, not salads.",Takeaway Counter,0.14,1,In-store Promo,Yes,3,93,Low
91,43,Female,Low,1,Wraps,0,201,3,3,5,3,5,0.4,Packaging needs to keep it fresh till I get home.,Takeaway Counter,0.68,1,In-store Promo,Yes,3,71,High
92,27,Male,Medium,7,Wraps,1,184,3,5,2,5,5,0.67,"Price is a concern, salads are usually costly.",Online Order/App,4.66,3,TV,Yes,5,94,High
93,55,Female,Medium,9,Wraps,1,305,4,5,1,4,5,0.75,"I usually come here for indulgent food, not salads.",Drive-Thru,3.02,3,Online Ads,No,1,74,Medium
94,51,Other,Medium,7,Fried Chicken,0,224,5,5,1,4,3,0.42,Convenience matters more to me than health.,Dine-In,2.12,2,In-store Promo,Yes,5,60,High
95,21,Other,Low,4,Wraps,1,284,5,1,4,5,3,0.95,Worried a salad won't taste as good as your burgers.,Online Order/App,3.41,3,Online Ads,Yes,2,35,Medium
96,32,Female,High,4,Fries/Sides Only,0,215,3,1,3,3,1,0.25,I'd switch some visits to a salad if it's affordable.,Takeaway Counter,1.96,4,Word of Mouth,No,2,37,Low
97,23,Female,High,5,Fries/Sides Only,0,200,5,3,3,2,1,0.59,I'd switch some visits to a salad if it's affordable.,Takeaway Counter,1.27,1,Online Ads,Yes,2,6,Low
98,39,Other,Medium,3,Burgers,0,340,2,1,4,4,2,0.55,"I usually come here for indulgent food, not salads.",Online Order/App,1.5,1,Social Media,No,2,68,Medium
99,20,Male,Medium,3,Burgers,0,223,4,4,3,1,1,0.59,"I usually come here for indulgent food, not salads.",Takeaway Counter,3.05,3,Word of Mouth,Yes,5,67,Medium
100,26,Other,Medium,4,None,1,184,4,2,1,3,3,0.59,I'd switch some visits to a salad if it's affordable.,Dine-In,0.96,4,In-store Promo,Yes,1,51,Medium
101,29,Male,Medium,4,Burgers,1,199,3,4,5,1,3,0.74,Packaging needs to keep it fresh till I get home.,Online Order/App,3.49,1,Social Media,Yes,2,51,Medium
102,37,Other,Low,5,Pizza,0,204,2,2,5,3,4,0.42,Would love a combo with salad instead of fries.,Takeaway Counter,4.57,5,TV,No,5,100,Low
103,46,Other,Medium,2,Wraps,1,302,5,3,2,3,5,0.92,Healthy options would make me visit more often.,Drive-Thru,3.43,5,In-store Promo,Yes,5,57,High
104,47,Male,Medium,8,Wraps,1,276,3,4,1,2,5,0.71,Not sure if a salad fits a fast food place.,Drive-Thru,2.18,1,Online Ads,No,1,60,Low
105,44,Male,High,7,Pizza,0,252,4,3,5,2,3,0.6,Not sure if a salad fits a fast food place.,Dine-In,4.96,4,Online Ads,Yes,2,0,Medium
106,37,Female,Medium,9,Sandwiches,1,357,2,4,2,1,1,0.9,Packaging needs to keep it fresh till I get home.,Delivery App,3.11,1,TV,Yes,1,76,Low
107,56,Other,Medium,1,Fried Chicken,0,208,2,1,1,2,5,0.26,"I usually come here for indulgent food, not salads.",Dine-In,4.1,5,Word of Mouth,No,3,30,Low
108,27,Other,Medium,7,Pizza,1,287,5,5,4,5,4,0.61,I'd love a fresh salad option on the menu.,Online Order/App,4.71,4,Online Ads,Yes,4,52,Low
109,42,Male,High,8,Fried Chicken,0,244,2,5,5,4,4,0.15,Worried a salad won't taste as good as your burgers.,Takeaway Counter,0.76,2,Word of Mouth,Yes,1,57,High
110,23,Other,Medium,4,Burgers,1,287,5,4,5,5,2,0.79,Healthy options would make me visit more often.,Dine-In,4.36,3,Word of Mouth,No,1,27,High
111,25,Other,High,8,Fried Chicken,0,325,4,5,3,4,4,0.36,Worried a salad won't taste as good as your burgers.,Online Order/App,1.61,3,Online Ads,No,4,12,High
112,48,Female,High,6,Pizza,1,281,2,4,5,5,5,0.79,Would love a combo with salad instead of fries.,Delivery App,1.55,2,Word of Mouth,Yes,5,31,Medium
113,59,Other,Low,8,Fries/Sides Only,0,282,2,4,2,5,4,0.32,"Price is a concern, salads are usually costly.",Takeaway Counter,4.95,1,Online Ads,Yes,1,85,Low
114,18,Female,Low,4,Burgers,0,154,5,3,5,4,4,0.39,I'd love a fresh salad option on the menu.,Drive-Thru,2.71,4,Social Media,Yes,3,68,High
115,19,Other,High,7,None,0,212,1,3,5,5,3,0.42,Would try it if there are good dressing options.,Online Order/App,4.0,1,Word of Mouth,No,4,72,Low
116,32,Female,Medium,2,Fries/Sides Only,0,266,1,3,5,4,1,0.42,Packaging needs to keep it fresh till I get home.,Drive-Thru,3.54,1,In-store Promo,No,3,72,High
117,24,Other,High,4,Fried Chicken,0,290,5,3,1,3,5,0.39,I'd switch some visits to a salad if it's affordable.,Drive-Thru,0.98,3,Social Media,No,5,18,Medium
118,43,Male,Low,10,Fried Chicken,1,370,5,4,2,1,5,0.95,Would love a combo with salad instead of fries.,Online Order/App,0.36,4,TV,No,3,77,Medium
119,56,Female,High,6,Burgers,0,325,4,3,4,4,2,0.43,Packaging needs to keep it fresh till I get home.,Takeaway Counter,3.34,1,Online Ads,Yes,2,91,Low
120,35,Male,Medium,3,Fries/Sides Only,0,216,1,4,3,3,1,0.36,"Price is a concern, salads are usually costly.",Drive-Thru,1.02,4,Online Ads,No,4,13,Low
121,40,Other,Low,10,None,1,277,3,4,5,2,5,0.95,Worried a salad won't taste as good as your burgers.,Dine-In,3.46,2,TV,Yes,3,63,Low
122,28,Female,Low,5,Sandwiches,0,232,2,3,5,2,4,0.23,Not sure if a salad fits a fast food place.,Dine-In,1.59,4,Word of Mouth,No,4,42,Medium
123,45,Other,High,3,Pizza,1,333,2,2,4,3,3,0.77,Would love a combo with salad instead of fries.,Delivery App,4.84,2,Word of Mouth,Yes,4,46,Low
124,54,Male,Medium,9,Fried Chicken,1,302,4,5,3,1,4,0.84,Packaging needs to keep it fresh till I get home.,Delivery App,0.78,3,TV,Yes,2,91,Medium
125,42,Male,Medium,10,Sandwiches,1,307,4,3,3,5,5,0.83,Packaging needs to keep it fresh till I get home.,Drive-Thru,0.64,2,Word of Mouth,Yes,5,5,Medium
126,59,Other,Medium,6,None,1,170,3,4,5,5,5,0.95,Great idea if the portions are filling enough.,Delivery App,1.93,4,Online Ads,No,2,44,High
127,48,Male,Low,2,Burgers,0,282,3,2,2,5,4,0.49,Would try it if there are good dressing options.,Delivery App,0.58,4,Word of Mouth,Yes,1,90,Low
128,39,Other,Low,3,Fries/Sides Only,1,179,2,2,4,2,4,0.9,Packaging needs to keep it fresh till I get home.,Dine-In,1.01,4,In-store Promo,Yes,5,25,Medium
129,45,Female,Low,4,Fried Chicken,1,293,1,2,5,2,3,0.65,Would try it if there are good dressing options.,Dine-In,2.34,3,In-store Promo,Yes,3,76,Low
130,43,Other,Low,6,None,1,203,3,5,2,3,1,0.72,Great idea if the portions are filling enough.,Online Order/App,0.67,3,TV,Yes,4,76,Low
131,42,Female,Low,9,Fries/Sides Only,0,378,2,4,2,2,3,0.42,Healthy options would make me visit more often.,Takeaway Counter,0.36,3,Social Media,Yes,2,49,High
132,50,Other,Medium,8,Sandwiches,0,273,2,5,2,3,1,0.48,"I usually come here for indulgent food, not salads.",Dine-In,2.73,2,In-store Promo,No,4,70,Medium
133,54,Male,Low,9,None,0,300,1,5,2,4,1,0.32,Would love a combo with salad instead of fries.,Dine-In,1.56,1,In-store Promo,Yes,1,56,High
134,25,Male,Low,10,Fries/Sides Only,1,342,4,5,2,2,1,0.95,I'd switch some visits to a salad if it's affordable.,Online Order/App,2.71,5,Online Ads,Yes,3,37,Medium
135,50,Other,High,3,None,0,328,3,3,2,2,2,0.3,Would love a combo with salad instead of fries.,Online Order/App,4.16,4,In-store Promo,Yes,3,80,Medium
136,46,Male,Medium,2,Sandwiches,0,192,3,1,5,1,1,0.39,Would love a combo with salad instead of fries.,Delivery App,3.21,3,Social Media,No,4,27,High
137,31,Female,Low,5,Pizza,0,186,4,4,1,1,1,0.09,Packaging needs to keep it fresh till I get home.,Delivery App,0.18,2,In-store Promo,Yes,4,25,High
138,26,Other,Low,5,Burgers,0,210,3,3,1,4,3,0.21,Would love a combo with salad instead of fries.,Dine-In,2.2,1,Social Media,Yes,4,9,Low
139,32,Other,Medium,1,Burgers,0,291,4,2,2,4,1,0.16,Would love a combo with salad instead of fries.,Drive-Thru,0.61,3,Word of Mouth,Yes,2,82,High
140,27,Male,Medium,1,Wraps,0,216,2,2,4,5,4,0.26,Great idea if the portions are filling enough.,Drive-Thru,4.49,2,Social Media,No,4,44,High
141,38,Male,Low,2,Fried Chicken,0,256,5,2,1,3,2,0.69,Worried a salad won't taste as good as your burgers.,Takeaway Counter,2.6,4,Word of Mouth,No,2,63,Low
142,33,Female,Medium,2,Wraps,0,138,3,3,5,4,3,0.31,Worried a salad won't taste as good as your burgers.,Dine-In,3.84,1,Social Media,No,1,33,Low
143,21,Female,Medium,9,None,1,332,1,4,2,3,1,0.74,"I usually come here for indulgent food, not salads.",Drive-Thru,2.61,2,TV,Yes,4,75,Medium
144,59,Other,Medium,5,Fries/Sides Only,1,351,2,4,4,1,4,0.82,I'd switch some visits to a salad if it's affordable.,Takeaway Counter,0.37,2,Social Media,Yes,2,89,Low
145,49,Female,Medium,5,Fried Chicken,1,310,3,3,1,3,4,0.73,"I usually come here for indulgent food, not salads.",Takeaway Counter,0.41,5,Social Media,Yes,5,46,Low
146,54,Male,Medium,5,None,1,275,1,4,1,1,2,0.95,I'd love a fresh salad option on the menu.,Delivery App,1.88,2,TV,No,1,70,High
147,59,Female,Low,4,Sandwiches,0,216,1,3,1,2,2,0.35,Worried a salad won't taste as good as your burgers.,Drive-Thru,4.77,1,In-store Promo,No,3,41,Low
148,47,Male,Medium,5,Wraps,0,308,2,2,4,2,5,0.45,Great idea if the portions are filling enough.,Dine-In,0.13,4,Social Media,Yes,3,81,High
149,18,Female,Low,7,None,0,238,2,3,4,1,2,0.42,Would love a combo with salad instead of fries.,Online Order/App,0.56,2,Online Ads,Yes,3,58,High
150,23,Other,Low,3,Fries/Sides Only,0,159,5,4,2,2,3,0.44,"I usually come here for indulgent food, not salads.",Online Order/App,4.64,4,Word of Mouth,Yes,3,29,Low
151,30,Male,High,10,Burgers,1,233,4,5,3,2,4,0.95,"I usually come here for indulgent food, not salads.",Delivery App,1.4,1,Social Media,Yes,3,90,Medium
152,20,Male,High,6,Fried Chicken,1,218,3,4,3,3,2,0.85,I'd love a fresh salad option on the menu.,Delivery App,4.29,5,Online Ads,Yes,4,13,High
153,26,Male,Low,4,Fried Chicken,1,232,1,3,1,1,1,0.72,Great idea if the portions are filling enough.,Delivery App,4.07,1,Word of Mouth,Yes,4,6,Low
154,54,Female,High,7,Sandwiches,1,313,2,3,3,3,4,0.95,"Price is a concern, salads are usually costly.",Drive-Thru,3.11,5,TV,No,4,52,High
155,48,Male,Low,7,Fried Chicken,1,305,5,4,5,1,4,0.95,Would love a combo with salad instead of fries.,Online Order/App,2.45,4,Word of Mouth,No,5,41,Low
156,29,Male,Low,4,Burgers,0,308,1,4,3,5,2,0.22,"Price is a concern, salads are usually costly.",Drive-Thru,1.31,2,Word of Mouth,Yes,1,97,High
157,32,Other,High,7,Pizza,0,374,2,5,3,5,1,0.62,Would love a combo with salad instead of fries.,Online Order/App,4.74,5,TV,No,2,63,Medium
158,29,Female,Low,1,Fried Chicken,0,132,4,5,2,2,3,0.32,Would love a combo with salad instead of fries.,Dine-In,4.6,3,Social Media,Yes,5,90,High
159,25,Other,High,2,Pizza,0,268,5,3,2,2,4,0.42,Packaging needs to keep it fresh till I get home.,Delivery App,3.28,2,Online Ads,No,5,100,Low
160,60,Other,High,7,Pizza,0,235,2,4,5,4,5,0.08,I'd love a fresh salad option on the menu.,Dine-In,3.05,5,TV,No,1,63,Low
161,22,Male,Low,6,Fried Chicken,0,361,3,3,2,1,3,0.46,"I usually come here for indulgent food, not salads.",Drive-Thru,3.63,1,In-store Promo,Yes,4,21,High
162,49,Female,Medium,7,Burgers,0,334,5,3,2,4,1,0.25,I'd love a fresh salad option on the menu.,Online Order/App,0.2,3,Social Media,Yes,2,48,Low
163,22,Other,High,2,Pizza,0,259,4,2,2,5,4,0.19,"Price is a concern, salads are usually costly.",Drive-Thru,0.6,2,TV,Yes,5,92,High
164,52,Female,Medium,5,Fried Chicken,1,239,5,4,3,1,4,0.73,Not sure if a salad fits a fast food place.,Online Order/App,4.14,5,In-store Promo,Yes,1,26,Low
165,36,Male,Medium,2,Pizza,0,230,3,4,2,3,4,0.44,Would try it if there are good dressing options.,Dine-In,2.28,3,In-store Promo,Yes,2,34,Medium
166,27,Other,Medium,2,Fries/Sides Only,0,244,5,3,4,5,4,0.39,Worried a salad won't taste as good as your burgers.,Delivery App,2.91,2,In-store Promo,Yes,4,91,Low
167,54,Other,High,10,Fried Chicken,1,351,2,5,2,2,2,0.87,I'd love a fresh salad option on the menu.,Delivery App,0.48,4,TV,No,2,76,Low
168,22,Male,Medium,7,Wraps,1,231,4,4,5,5,5,0.83,Convenience matters more to me than health.,Drive-Thru,2.13,2,Online Ads,No,1,13,Medium
169,24,Female,High,6,Sandwiches,1,299,5,4,3,4,2,0.79,I'd switch some visits to a salad if it's affordable.,Takeaway Counter,3.44,4,Social Media,Yes,3,88,Low
170,48,Female,High,1,Pizza,0,189,3,3,1,2,2,0.07,"I usually come here for indulgent food, not salads.",Delivery App,3.89,3,Word of Mouth,No,5,82,Low
171,46,Male,High,7,Fries/Sides Only,1,279,3,5,2,1,3,0.68,Would love a combo with salad instead of fries.,Takeaway Counter,2.08,5,Online Ads,Yes,2,25,High
172,33,Male,Medium,6,Fries/Sides Only,1,242,4,2,1,1,2,0.81,Would try it if there are good dressing options.,Delivery App,3.01,2,In-store Promo,No,3,44,Low
173,34,Other,High,2,Pizza,1,146,5,3,2,2,2,0.64,"I usually come here for indulgent food, not salads.",Delivery App,2.62,1,In-store Promo,No,2,76,High
174,32,Female,Medium,5,Fries/Sides Only,0,289,4,5,4,3,2,0.22,Healthy options would make me visit more often.,Online Order/App,3.42,5,In-store Promo,No,1,65,High
175,41,Other,Medium,10,Pizza,1,222,1,5,3,3,3,0.95,Packaging needs to keep it fresh till I get home.,Online Order/App,1.02,5,TV,No,5,51,Medium
176,26,Other,Low,8,Pizza,1,268,4,4,5,2,3,0.66,Would love a combo with salad instead of fries.,Dine-In,3.46,4,Word of Mouth,Yes,2,84,High
177,29,Female,Low,3,Fries/Sides Only,1,306,2,5,1,2,3,0.65,Great idea if the portions are filling enough.,Online Order/App,2.16,3,Word of Mouth,Yes,3,59,High
178,48,Male,High,10,Wraps,0,214,2,3,4,5,3,0.5,Convenience matters more to me than health.,Drive-Thru,4.37,2,TV,No,3,52,High
179,47,Male,Low,3,None,1,211,2,3,4,3,2,0.81,"Price is a concern, salads are usually costly.",Takeaway Counter,3.85,4,Social Media,Yes,4,81,Medium
180,45,Female,Medium,1,Wraps,1,203,1,4,5,2,1,0.56,Packaging needs to keep it fresh till I get home.,Drive-Thru,3.17,2,TV,No,3,39,Low
181,42,Other,Medium,3,Burgers,0,204,3,2,5,3,4,0.41,Packaging needs to keep it fresh till I get home.,Dine-In,1.78,4,Word of Mouth,No,2,51,Low
182,32,Other,High,4,Fries/Sides Only,1,253,1,2,1,4,3,0.94,Worried a salad won't taste as good as your burgers.,Takeaway Counter,0.34,1,Social Media,No,1,6,Medium
183,44,Female,Medium,9,Pizza,1,223,1,4,5,3,5,0.95,I'd switch some visits to a salad if it's affordable.,Dine-In,2.15,1,Online Ads,No,1,36,Low
184,24,Female,Low,4,None,1,257,2,3,2,1,5,0.9,Healthy options would make me visit more often.,Dine-In,3.47,4,Word of Mouth,Yes,1,85,Low
185,25,Other,Medium,3,Burgers,0,159,1,4,4,3,3,0.24,Healthy options would make me visit more often.,Drive-Thru,0.59,2,Social Media,No,3,86,Low
186,25,Male,High,1,Burgers,0,261,2,1,5,3,1,0.6,Would try it if there are good dressing options.,Online Order/App,1.0,4,In-store Promo,No,3,49,Medium
187,48,Female,Medium,3,Burgers,1,289,2,5,4,5,4,0.95,"Price is a concern, salads are usually costly.",Takeaway Counter,1.96,3,Online Ads,Yes,2,61,High
188,25,Female,Medium,2,Pizza,0,138,5,3,5,2,3,0.14,Worried a salad won't taste as good as your burgers.,Takeaway Counter,3.47,5,Social Media,Yes,2,61,Low
189,59,Female,Low,9,Wraps,1,321,2,4,4,2,1,0.87,Healthy options would make me visit more often.,Online Order/App,1.28,3,Social Media,Yes,5,82,Low
190,33,Male,Medium,10,Sandwiches,1,300,3,5,1,1,4,0.95,Convenience matters more to me than health.,Drive-Thru,2.83,1,Social Media,No,5,81,Low
191,50,Other,Low,8,Pizza,1,195,2,5,5,5,4,0.75,Would love a combo with salad instead of fries.,Online Order/App,3.61,1,Social Media,No,2,0,Low
192,58,Female,Medium,6,Fries/Sides Only,1,347,4,5,4,1,3,0.95,I'd switch some visits to a salad if it's affordable.,Dine-In,1.02,4,TV,Yes,2,91,Low
193,44,Male,High,10,Burgers,0,290,5,5,4,1,5,0.48,Would love a combo with salad instead of fries.,Drive-Thru,2.81,4,Online Ads,Yes,5,99,High
194,29,Other,Medium,3,Burgers,0,264,3,2,5,2,3,0.36,Convenience matters more to me than health.,Online Order/App,4.86,4,TV,Yes,5,89,High
195,50,Female,High,9,None,1,339,5,4,5,3,3,0.81,Packaging needs to keep it fresh till I get home.,Dine-In,4.91,2,Online Ads,Yes,3,90,Low
196,40,Other,Medium,10,Fries/Sides Only,1,335,5,5,1,5,1,0.95,I'd love a fresh salad option on the menu.,Delivery App,0.81,1,TV,Yes,2,36,Medium
197,27,Male,Medium,5,Fried Chicken,0,166,4,5,5,2,5,0.58,Convenience matters more to me than health.,Dine-In,2.6,3,Social Media,No,4,53,High
198,38,Other,Low,5,Fried Chicken,0,316,4,5,3,5,5,0.11,Would love a combo with salad instead of fries.,Takeaway Counter,1.06,2,Word of Mouth,Yes,1,23,High
199,50,Male,Medium,7,Pizza,1,202,5,4,4,2,1,0.83,"Price is a concern, salads are usually costly.",Online Order/App,3.02,5,Word of Mouth,Yes,5,70,Low
200,38,Other,Low,3,Wraps,1,245,4,2,3,2,2,0.72,Packaging needs to keep it fresh till I get home.,Online Order/App,1.72,3,TV,No,5,67,Medium
201,53,Other,Low,6,Sandwiches,1,296,5,4,3,4,1,0.86,Convenience matters more to me than health.,Online Order/App,2.75,3,Social Media,No,3,65,High
202,46,Female,Low,4,Pizza,0,342,2,5,5,1,1,0.33,Great idea if the portions are filling enough.,Dine-In,4.34,4,Social Media,Yes,4,82,High
203,22,Other,Medium,1,Sandwiches,0,136,1,4,5,1,5,0.41,Great idea if the portions are filling enough.,Online Order/App,2.1,4,In-store Promo,Yes,1,49,Medium
204,52,Male,Medium,10,Burgers,0,317,1,4,3,3,5,0.64,Not sure if a salad fits a fast food place.,Online Order/App,3.85,4,In-store Promo,Yes,1,60,Low
205,32,Male,Medium,9,Pizza,0,221,3,5,5,2,1,0.47,I'd love a fresh salad option on the menu.,Drive-Thru,2.91,4,Online Ads,Yes,1,39,Low
206,40,Male,Medium,9,Fried Chicken,1,236,3,5,5,1,5,0.95,Healthy options would make me visit more often.,Takeaway Counter,0.46,1,Word of Mouth,Yes,5,62,High
207,40,Male,Medium,4,Burgers,1,166,2,3,5,3,5,0.93,"Price is a concern, salads are usually costly.",Takeaway Counter,2.88,3,In-store Promo,Yes,3,31,Medium
208,59,Female,Low,6,Fried Chicken,0,234,4,3,3,4,5,0.45,Not sure if a salad fits a fast food place.,Dine-In,3.26,1,Word of Mouth,No,2,68,Low
209,58,Male,Medium,1,None,0,134,5,1,2,1,5,0.2,"I usually come here for indulgent food, not salads.",Takeaway Counter,4.48,5,In-store Promo,No,2,46,Low
210,55,Other,High,3,Sandwiches,0,162,3,1,5,2,5,0.36,"Price is a concern, salads are usually costly.",Delivery App,0.88,5,Online Ads,No,2,94,Medium
211,40,Male,Low,8,Fried Chicken,1,258,1,4,3,4,4,0.7,Healthy options would make me visit more often.,Drive-Thru,0.3,3,Social Media,No,5,81,High
212,34,Other,Medium,3,Sandwiches,0,217,1,2,2,5,4,0.34,Would try it if there are good dressing options.,Online Order/App,2.49,4,Online Ads,Yes,2,56,Low
213,22,Other,Medium,4,Fried Chicken,1,224,1,3,3,1,4,0.65,Packaging needs to keep it fresh till I get home.,Delivery App,2.45,5,TV,No,4,2,Low
214,26,Other,Medium,3,Fries/Sides Only,0,322,2,4,2,5,4,0.4,I'd switch some visits to a salad if it's affordable.,Takeaway Counter,3.22,3,Social Media,Yes,5,60,High
215,28,Male,High,10,Fried Chicken,0,364,2,4,2,3,4,0.37,I'd switch some visits to a salad if it's affordable.,Takeaway Counter,0.44,4,In-store Promo,Yes,1,25,Medium
216,50,Other,Medium,3,Wraps,1,239,5,1,5,5,1,0.58,Not sure if a salad fits a fast food place.,Delivery App,3.33,5,Online Ads,No,4,66,Medium
217,20,Other,Medium,4,None,0,306,3,2,5,1,4,0.25,"Price is a concern, salads are usually costly.",Online Order/App,2.44,2,Social Media,Yes,5,52,Low
218,18,Other,Medium,1,Wraps,0,232,4,1,3,4,3,0.13,Not sure if a salad fits a fast food place.,Dine-In,2.19,5,Word of Mouth,Yes,5,54,Medium
219,57,Female,High,7,None,1,286,5,3,5,4,3,0.86,"I usually come here for indulgent food, not salads.",Takeaway Counter,1.79,4,TV,No,1,95,Low
220,28,Male,Low,7,None,1,286,1,5,1,1,2,0.95,Healthy options would make me visit more often.,Takeaway Counter,2.23,1,Word of Mouth,Yes,1,77,Low
221,42,Female,Medium,9,Pizza,0,311,2,4,2,5,3,0.36,Great idea if the portions are filling enough.,Drive-Thru,3.94,5,Online Ads,No,5,21,Medium
222,41,Male,Medium,3,Burgers,0,300,3,2,2,5,1,0.23,Would love a combo with salad instead of fries.,Drive-Thru,4.6,5,Word of Mouth,No,5,74,Low
223,35,Male,Medium,4,Sandwiches,0,267,3,4,5,1,5,0.54,"I usually come here for indulgent food, not salads.",Online Order/App,4.74,5,Word of Mouth,No,5,32,Medium
224,42,Other,Medium,4,None,1,307,4,5,4,1,3,0.6,Not sure if a salad fits a fast food place.,Delivery App,3.2,2,TV,No,4,45,Medium
225,18,Other,High,4,Pizza,1,287,3,5,4,3,3,0.94,Great idea if the portions are filling enough.,Takeaway Counter,1.42,2,In-store Promo,No,2,94,Low
226,34,Male,Low,4,None,0,183,1,3,4,5,1,0.42,Worried a salad won't taste as good as your burgers.,Drive-Thru,4.26,3,Online Ads,Yes,5,35,Medium
227,50,Female,Medium,10,Fried Chicken,1,360,4,5,3,4,2,0.89,Healthy options would make me visit more often.,Drive-Thru,3.52,4,Word of Mouth,No,1,86,Low
228,55,Male,Low,10,None,1,310,2,5,3,3,2,0.95,Healthy options would make me visit more often.,Delivery App,1.13,3,Word of Mouth,No,3,57,Low
229,26,Other,Medium,2,Fries/Sides Only,1,183,4,3,2,4,1,0.66,"Price is a concern, salads are usually costly.",Delivery App,2.55,5,Online Ads,No,4,38,Low
230,54,Male,Medium,3,Burgers,1,195,1,2,3,3,5,0.8,Worried a salad won't taste as good as your burgers.,Online Order/App,1.79,4,Social Media,Yes,5,25,Medium
231,59,Other,Medium,5,Pizza,1,262,4,4,3,4,2,0.71,"Price is a concern, salads are usually costly.",Online Order/App,2.17,5,Online Ads,Yes,1,10,Low
232,32,Female,Low,5,Fries/Sides Only,1,289,3,5,3,5,5,0.63,Healthy options would make me visit more often.,Delivery App,0.92,1,TV,No,3,95,Medium
233,23,Male,Low,2,Burgers,1,312,5,4,5,1,1,0.83,"I usually come here for indulgent food, not salads.",Takeaway Counter,0.86,4,Word of Mouth,Yes,3,56,Medium
234,26,Other,High,1,Burgers,0,300,3,3,5,3,5,0.19,Healthy options would make me visit more often.,Dine-In,4.85,5,TV,No,4,80,Medium
235,54,Female,Medium,9,Pizza,0,288,2,5,3,4,3,0.33,"Price is a concern, salads are usually costly.",Online Order/App,0.15,5,TV,Yes,4,68,Low
236,49,Female,Low,7,None,1,222,1,3,5,4,4,0.81,Great idea if the portions are filling enough.,Dine-In,3.6,4,In-store Promo,Yes,1,54,Medium
237,51,Other,High,5,Pizza,0,266,3,2,2,2,3,0.55,Not sure if a salad fits a fast food place.,Delivery App,3.13,3,Online Ads,Yes,3,2,Low
238,52,Male,Low,2,Pizza,1,279,1,3,4,2,3,0.83,Convenience matters more to me than health.,Online Order/App,3.95,4,Word of Mouth,Yes,1,42,Low
239,27,Male,Low,7,Burgers,1,212,3,5,1,2,4,0.58,Healthy options would make me visit more often.,Dine-In,3.71,1,TV,Yes,1,66,Medium
240,31,Female,Medium,5,Pizza,1,306,5,3,3,2,3,0.78,I'd love a fresh salad option on the menu.,Dine-In,4.87,2,In-store Promo,Yes,2,35,Medium
241,43,Male,Low,1,Wraps,0,223,5,3,2,2,4,0.53,Not sure if a salad fits a fast food place.,Takeaway Counter,1.76,1,Social Media,Yes,2,89,Medium
242,24,Male,Medium,6,Wraps,0,319,4,4,4,3,2,0.39,"I usually come here for indulgent food, not salads.",Drive-Thru,2.48,4,Online Ads,Yes,4,24,Medium
243,52,Female,Low,8,Pizza,0,304,5,5,4,3,3,0.62,Worried a salad won't taste as good as your burgers.,Online Order/App,2.32,5,In-store Promo,No,1,79,High
244,57,Male,Low,2,Fries/Sides Only,0,300,2,1,5,2,5,0.31,"I usually come here for indulgent food, not salads.",Online Order/App,2.11,3,Social Media,Yes,1,5,High
245,26,Male,High,4,Burgers,0,172,5,3,4,5,5,0.26,Would love a combo with salad instead of fries.,Takeaway Counter,1.35,3,TV,No,1,1,High
246,31,Other,Medium,2,Sandwiches,0,148,5,3,3,1,5,0.05,"I usually come here for indulgent food, not salads.",Takeaway Counter,0.3,1,Word of Mouth,Yes,2,66,Low
247,32,Other,Medium,4,Wraps,0,266,2,2,1,5,3,0.31,Packaging needs to keep it fresh till I get home.,Delivery App,3.54,4,Social Media,Yes,2,70,Medium
248,39,Other,Low,10,Sandwiches,0,380,5,5,3,4,4,0.49,Would love a combo with salad instead of fries.,Online Order/App,3.08,5,Online Ads,Yes,5,95,Low
249,46,Female,High,1,Fries/Sides Only,1,185,1,1,3,1,3,0.67,Great idea if the portions are filling enough.,Dine-In,4.29,1,Word of Mouth,No,5,71,Medium
250,54,Male,Low,8,Pizza,1,237,5,4,3,1,5,0.95,Convenience matters more to me than health.,Takeaway Counter,4.6,1,Word of Mouth,No,2,62,High
251,54,Male,Medium,5,Burgers,0,275,1,4,3,3,4,0.07,Convenience matters more to me than health.,Drive-Thru,4.36,2,Online Ads,No,4,6,Low
252,20,Female,Medium,3,Pizza,0,188,1,1,4,5,5,0.05,Worried a salad won't taste as good as your burgers.,Drive-Thru,1.19,3,In-store Promo,Yes,3,10,Medium
253,21,Other,Medium,2,Sandwiches,0,291,2,3,2,4,4,0.17,Packaging needs to keep it fresh till I get home.,Takeaway Counter,1.06,5,Online Ads,Yes,1,34,Medium
254,38,Other,High,2,Burgers,0,221,3,3,1,3,2,0.47,Would try it if there are good dressing options.,Takeaway Counter,4.13,4,Online Ads,Yes,1,29,Low
255,41,Male,High,2,Burgers,0,185,5,4,3,1,3,0.21,Would love a combo with salad instead of fries.,Drive-Thru,1.6,4,Social Media,Yes,5,27,Low
256,51,Female,Medium,10,Fries/Sides Only,0,339,1,3,5,1,3,0.73,"Price is a concern, salads are usually costly.",Drive-Thru,1.49,5,Word of Mouth,Yes,1,8,Low
257,35,Other,High,6,None,1,226,4,4,1,3,4,0.95,I'd switch some visits to a salad if it's affordable.,Takeaway Counter,0.53,2,Online Ads,No,5,91,Low
258,33,Other,Low,8,Sandwiches,0,188,3,4,5,3,1,0.56,Packaging needs to keep it fresh till I get home.,Online Order/App,4.41,1,Online Ads,No,2,19,Low
259,43,Other,Low,7,Wraps,0,298,2,3,4,3,5,0.54,Would try it if there are good dressing options.,Delivery App,2.76,2,TV,No,2,17,Low
260,51,Male,Medium,3,Fries/Sides Only,0,327,3,4,1,2,3,0.44,"Price is a concern, salads are usually costly.",Drive-Thru,3.85,4,In-store Promo,Yes,3,19,Medium
261,24,Male,Low,10,Wraps,1,313,2,4,1,3,1,0.84,Would love a combo with salad instead of fries.,Delivery App,0.76,5,In-store Promo,No,3,23,High
262,49,Female,Low,4,Fried Chicken,1,305,1,5,2,2,2,0.61,Not sure if a salad fits a fast food place.,Dine-In,4.64,4,Online Ads,Yes,3,58,High
263,45,Female,High,10,Fries/Sides Only,0,344,4,4,5,5,5,0.34,Packaging needs to keep it fresh till I get home.,Drive-Thru,2.65,4,In-store Promo,No,1,31,Medium
264,43,Other,Low,7,Wraps,0,369,2,4,3,3,4,0.59,"Price is a concern, salads are usually costly.",Delivery App,1.54,1,Online Ads,No,4,82,Medium
265,50,Male,Low,10,Fries/Sides Only,1,279,3,4,5,2,4,0.93,Not sure if a salad fits a fast food place.,Online Order/App,1.69,2,Social Media,Yes,4,81,Low
266,51,Other,Medium,9,Wraps,0,268,4,5,3,5,2,0.51,"Price is a concern, salads are usually costly.",Dine-In,0.98,1,In-store Promo,Yes,4,36,Medium
267,25,Male,High,1,Wraps,0,130,4,3,1,5,4,0.17,Great idea if the portions are filling enough.,Dine-In,2.99,4,In-store Promo,Yes,1,76,Medium
268,33,Other,Low,9,None,0,202,2,5,2,1,5,0.53,I'd switch some visits to a salad if it's affordable.,Online Order/App,1.72,1,Social Media,Yes,2,20,Medium
269,57,Other,Medium,10,Wraps,0,235,4,5,1,1,3,0.36,Would try it if there are good dressing options.,Online Order/App,4.5,1,In-store Promo,No,1,37,Medium
270,25,Other,High,6,Wraps,1,210,2,3,5,1,4,0.77,Would love a combo with salad instead of fries.,Takeaway Counter,4.68,3,In-store Promo,No,3,33,Medium
271,57,Female,High,10,Wraps,1,346,4,4,5,2,3,0.9,Great idea if the portions are filling enough.,Drive-Thru,0.68,4,Social Media,No,2,78,High
272,44,Male,Low,9,None,1,194,2,4,1,3,3,0.77,Worried a salad won't taste as good as your burgers.,Takeaway Counter,1.69,1,Social Media,No,3,50,Medium
273,57,Male,High,4,Pizza,0,336,4,5,2,4,2,0.25,Packaging needs to keep it fresh till I get home.,Delivery App,4.47,5,Word of Mouth,Yes,4,95,Low
274,51,Female,Medium,6,Wraps,0,210,3,4,3,1,2,0.12,"I usually come here for indulgent food, not salads.",Drive-Thru,1.76,4,Online Ads,No,5,77,Low
275,56,Male,High,5,Fries/Sides Only,0,302,3,2,2,3,4,0.49,"I usually come here for indulgent food, not salads.",Dine-In,2.67,2,Social Media,Yes,1,99,Low
276,23,Female,Medium,8,Wraps,1,252,4,4,3,2,1,0.68,Worried a salad won't taste as good as your burgers.,Dine-In,1.11,1,In-store Promo,Yes,5,14,Low
277,20,Other,High,2,Pizza,0,145,5,3,1,5,3,0.09,Packaging needs to keep it fresh till I get home.,Dine-In,1.67,2,Word of Mouth,Yes,3,98,Medium
278,25,Female,Low,5,Burgers,1,285,5,5,5,3,3,0.91,"Price is a concern, salads are usually costly.",Online Order/App,2.91,2,Social Media,Yes,3,69,Medium
279,26,Male,Medium,1,Burgers,0,145,4,3,5,4,5,0.5,Would try it if there are good dressing options.,Online Order/App,1.73,2,Online Ads,Yes,4,72,Low
280,47,Male,Medium,8,Sandwiches,1,229,5,4,2,3,3,0.95,Healthy options would make me visit more often.,Delivery App,0.25,4,Social Media,Yes,4,21,Low
281,40,Other,Medium,9,Burgers,1,335,1,4,3,5,4,0.95,Convenience matters more to me than health.,Takeaway Counter,2.13,5,TV,Yes,4,49,Low
282,31,Other,Medium,7,Wraps,0,285,2,5,5,4,1,0.64,I'd switch some visits to a salad if it's affordable.,Takeaway Counter,2.37,5,Social Media,No,2,39,High
283,22,Other,Low,10,None,0,265,1,5,5,1,2,0.65,Packaging needs to keep it fresh till I get home.,Dine-In,2.32,3,In-store Promo,No,4,25,Low
284,38,Female,Medium,5,Sandwiches,0,343,1,2,5,4,2,0.3,"I usually come here for indulgent food, not salads.",Drive-Thru,1.91,5,Social Media,Yes,5,45,Low
285,36,Male,Low,10,Sandwiches,1,342,4,4,2,4,2,0.95,Great idea if the portions are filling enough.,Takeaway Counter,1.98,3,In-store Promo,Yes,2,17,Low
286,59,Male,Low,8,Fries/Sides Only,1,382,1,5,4,5,4,0.95,I'd switch some visits to a salad if it's affordable.,Dine-In,2.33,4,Online Ads,No,4,45,Low
287,45,Other,Low,8,None,0,326,3,3,3,1,1,0.56,I'd switch some visits to a salad if it's affordable.,Delivery App,3.55,1,Online Ads,Yes,1,18,Medium
288,51,Female,Medium,2,Wraps,0,154,4,2,1,5,5,0.18,"I usually come here for indulgent food, not salads.",Takeaway Counter,0.36,3,Online Ads,No,4,58,Medium
289,48,Other,Medium,7,Pizza,0,336,3,5,5,3,5,0.64,"I usually come here for indulgent food, not salads.",Drive-Thru,3.18,5,TV,No,3,94,Medium
290,36,Female,Low,9,Burgers,0,248,2,4,3,1,1,0.4,I'd switch some visits to a salad if it's affordable.,Dine-In,4.56,2,In-store Promo,Yes,2,33,Medium
291,33,Female,Low,9,None,1,389,2,3,4,4,4,0.72,Great idea if the portions are filling enough.,Delivery App,3.66,2,TV,No,3,6,Medium
292,25,Male,Low,7,Sandwiches,1,325,5,4,4,4,3,0.95,"Price is a concern, salads are usually costly.",Takeaway Counter,4.36,1,Word of Mouth,No,4,48,Medium
293,51,Other,High,2,Wraps,0,327,4,1,3,3,3,0.2,"I usually come here for indulgent food, not salads.",Drive-Thru,1.35,5,In-store Promo,Yes,2,93,Medium
294,30,Other,Low,3,Pizza,0,279,1,3,1,4,3,0.37,Great idea if the portions are filling enough.,Online Order/App,1.33,1,Social Media,No,1,76,Medium
295,31,Other,Medium,2,Burgers,0,162,5,3,1,2,3,0.25,"I usually come here for indulgent food, not salads.",Delivery App,3.34,1,In-store Promo,No,3,98,Medium
296,60,Female,Low,2,Pizza,0,213,3,3,3,2,4,0.34,Not sure if a salad fits a fast food place.,Delivery App,4.9,2,Online Ads,Yes,4,13,Low
297,45,Male,Medium,2,Sandwiches,0,157,1,4,4,1,4,0.44,"Price is a concern, salads are usually costly.",Drive-Thru,4.67,4,Word of Mouth,Yes,3,50,Medium
298,50,Other,High,8,Sandwiches,1,353,1,4,4,1,5,0.86,Worried a salad won't taste as good as your burgers.,Online Order/App,1.73,3,In-store Promo,Yes,1,46,Medium
299,39,Male,High,5,Fries/Sides Only,1,271,4,3,4,1,3,0.69,Healthy options would make me visit more often.,Drive-Thru,4.44,4,TV,Yes,2,3,Medium
300,55,Male,Medium,2,None,0,198,5,4,1,1,3,0.28,I'd love a fresh salad option on the menu.,Online Order/App,3.96,1,In-store Promo,Yes,5,58,High
301,52,Male,Medium,4,Burgers,1,180,1,1,1,2,2,0.84,I'd love a fresh salad option on the menu.,Dine-In,3.2,3,Social Media,Yes,2,75,Low
302,24,Male,Medium,10,Fried Chicken,1,241,3,5,4,3,1,0.51,Packaging needs to keep it fresh till I get home.,Takeaway Counter,2.77,3,TV,No,5,22,Low
303,25,Female,Low,7,Fried Chicken,0,287,4,4,2,1,5,0.64,Convenience matters more to me than health.,Dine-In,0.18,4,Social Media,Yes,2,11,Medium
304,55,Female,Medium,8,Fries/Sides Only,1,213,3,3,2,5,1,0.84,I'd switch some visits to a salad if it's affordable.,Dine-In,3.61,5,Social Media,No,3,44,Medium
305,53,Male,Low,9,Burgers,1,365,5,4,2,3,1,0.87,Great idea if the portions are filling enough.,Drive-Thru,4.0,4,In-store Promo,Yes,1,6,Medium
306,36,Male,Medium,6,Wraps,0,320,1,4,5,2,2,0.45,I'd love a fresh salad option on the menu.,Delivery App,2.62,1,TV,No,5,74,Low
307,30,Other,Medium,6,Fried Chicken,0,233,1,4,2,4,2,0.57,Not sure if a salad fits a fast food place.,Delivery App,2.97,1,In-store Promo,Yes,5,58,Low
308,41,Male,Medium,4,Fries/Sides Only,1,206,3,4,1,3,2,0.95,Not sure if a salad fits a fast food place.,Delivery App,2.35,2,Word of Mouth,Yes,3,77,Low
309,58,Other,High,10,Wraps,0,217,5,2,5,4,4,0.53,"I usually come here for indulgent food, not salads.",Drive-Thru,3.68,2,TV,Yes,5,28,High
310,55,Male,High,1,Sandwiches,0,136,4,2,4,5,4,0.14,Healthy options would make me visit more often.,Drive-Thru,2.32,2,Social Media,No,1,88,Medium
311,31,Male,Medium,4,Fries/Sides Only,0,155,3,4,5,5,1,0.52,Healthy options would make me visit more often.,Delivery App,3.88,4,TV,No,3,80,Medium
312,58,Male,High,2,Sandwiches,0,203,1,2,5,5,5,0.58,Great idea if the portions are filling enough.,Drive-Thru,3.14,3,Social Media,Yes,3,6,Low
313,41,Female,Medium,6,Pizza,1,280,1,2,2,3,2,0.72,Worried a salad won't taste as good as your burgers.,Drive-Thru,3.28,5,TV,No,2,41,Low
314,35,Other,Medium,5,Burgers,1,229,4,2,4,5,5,0.8,"I usually come here for indulgent food, not salads.",Delivery App,3.14,1,TV,No,4,11,Low
315,29,Female,High,2,Burgers,1,158,2,1,5,1,3,0.75,Convenience matters more to me than health.,Takeaway Counter,4.67,4,Word of Mouth,Yes,1,37,Low
316,19,Male,High,9,Fries/Sides Only,1,308,3,3,5,5,4,0.9,Healthy options would make me visit more often.,Online Order/App,2.88,3,TV,No,2,61,Low
317,36,Male,Low,5,Sandwiches,0,284,2,3,2,2,2,0.28,Great idea if the portions are filling enough.,Drive-Thru,0.3,3,Online Ads,Yes,3,47,Low
318,53,Other,Low,6,Pizza,1,258,2,3,1,4,4,0.8,"Price is a concern, salads are usually costly.",Delivery App,4.65,2,Social Media,No,5,64,Low
319,36,Female,High,10,Fries/Sides Only,1,313,4,5,4,1,2,0.95,Packaging needs to keep it fresh till I get home.,Takeaway Counter,0.67,1,In-store Promo,No,2,57,Low
320,38,Male,Medium,4,Wraps,0,308,3,3,4,1,5,0.44,Convenience matters more to me than health.,Dine-In,2.5,5,Online Ads,Yes,1,85,Low
321,27,Other,High,6,Sandwiches,1,225,3,3,5,1,2,0.95,Would love a combo with salad instead of fries.,Delivery App,3.73,4,In-store Promo,Yes,4,93,High
322,26,Other,Medium,3,Fried Chicken,1,342,5,3,5,4,1,0.76,I'd love a fresh salad option on the menu.,Delivery App,3.23,3,In-store Promo,Yes,4,90,Medium
323,26,Male,Low,7,Pizza,1,184,3,5,5,4,2,0.73,I'd love a fresh salad option on the menu.,Drive-Thru,0.85,3,In-store Promo,Yes,3,53,Low
324,59,Male,Low,5,Sandwiches,0,173,3,2,3,4,1,0.31,Would try it if there are good dressing options.,Takeaway Counter,3.69,1,Word of Mouth,Yes,1,18,Low
325,26,Female,Low,5,Pizza,1,342,3,4,1,5,2,0.84,Packaging needs to keep it fresh till I get home.,Dine-In,3.85,5,TV,Yes,3,87,Medium
326,35,Other,Medium,6,Burgers,0,238,2,5,3,4,4,0.43,Would try it if there are good dressing options.,Dine-In,0.6,2,Online Ads,Yes,2,71,Medium
327,51,Other,Medium,2,Sandwiches,0,151,2,4,3,3,2,0.26,Healthy options would make me visit more often.,Takeaway Counter,2.66,3,TV,No,1,95,High
328,32,Male,High,3,Fries/Sides Only,1,169,2,4,1,1,1,0.74,Healthy options would make me visit more often.,Delivery App,0.31,1,Social Media,No,5,75,Low
329,25,Female,Low,5,Fries/Sides Only,1,179,1,4,2,2,3,0.75,I'd love a fresh salad option on the menu.,Drive-Thru,0.81,3,Online Ads,Yes,2,64,Medium
330,57,Male,Medium,2,Burgers,0,289,5,3,3,2,5,0.44,I'd love a fresh salad option on the menu.,Drive-Thru,4.63,5,In-store Promo,Yes,5,23,Medium
331,24,Male,High,7,Sandwiches,1,222,1,4,4,1,5,0.71,"Price is a concern, salads are usually costly.",Delivery App,3.84,3,Online Ads,No,1,41,Medium
332,42,Female,Medium,5,Fries/Sides Only,0,249,5,1,4,2,1,0.64,Healthy options would make me visit more often.,Online Order/App,0.98,4,Social Media,Yes,5,84,Medium
333,25,Male,Medium,10,Burgers,1,378,2,5,3,2,5,0.95,Convenience matters more to me than health.,Drive-Thru,1.24,4,In-store Promo,Yes,5,75,Low
334,59,Female,Medium,10,Sandwiches,0,302,2,5,3,4,4,0.43,Great idea if the portions are filling enough.,Dine-In,0.25,1,Social Media,Yes,1,22,Low
335,38,Male,Low,10,Burgers,0,332,5,5,2,3,4,0.24,Healthy options would make me visit more often.,Takeaway Counter,1.38,3,Online Ads,Yes,1,55,High
336,25,Female,Medium,7,Sandwiches,1,183,5,3,2,4,4,0.62,"Price is a concern, salads are usually costly.",Online Order/App,3.61,4,Social Media,No,4,84,Medium
337,52,Other,Medium,9,None,1,203,3,2,5,3,3,0.89,Would try it if there are good dressing options.,Drive-Thru,0.24,1,TV,No,3,94,Medium
338,58,Female,Medium,7,Pizza,0,258,1,4,3,5,1,0.34,Would love a combo with salad instead of fries.,Drive-Thru,4.36,1,Word of Mouth,Yes,5,41,Low
339,60,Female,Medium,7,Pizza,1,270,1,5,4,3,5,0.83,Not sure if a salad fits a fast food place.,Delivery App,0.59,2,Word of Mouth,Yes,3,21,Medium
340,41,Female,Low,2,None,0,179,3,5,4,2,5,0.49,Would love a combo with salad instead of fries.,Drive-Thru,3.62,5,Social Media,No,3,8,Medium
341,51,Female,Medium,6,None,1,333,5,4,5,3,2,0.67,Convenience matters more to me than health.,Delivery App,1.33,5,In-store Promo,No,5,23,High
342,58,Other,Medium,3,Wraps,0,276,4,3,5,4,5,0.57,Would love a combo with salad instead of fries.,Drive-Thru,2.66,3,In-store Promo,Yes,2,95,Medium
343,37,Female,Medium,2,Fries/Sides Only,1,218,3,2,5,2,4,0.65,Great idea if the portions are filling enough.,Drive-Thru,0.83,1,TV,No,3,59,Medium
344,45,Female,Medium,1,Fried Chicken,1,155,3,2,5,2,1,0.6,Would love a combo with salad instead of fries.,Delivery App,3.93,1,Social Media,Yes,3,8,High
345,44,Female,Medium,2,Sandwiches,0,281,2,3,5,1,5,0.53,Packaging needs to keep it fresh till I get home.,Takeaway Counter,4.75,5,Word of Mouth,Yes,1,30,Medium
346,38,Female,High,7,None,0,223,4,4,2,3,4,0.51,Convenience matters more to me than health.,Online Order/App,4.33,1,In-store Promo,Yes,1,40,Medium
347,48,Other,Low,5,None,0,233,3,4,5,1,1,0.37,Would love a combo with salad instead of fries.,Dine-In,1.34,4,Word of Mouth,No,3,87,Low
348,33,Female,Medium,7,Pizza,1,363,2,4,2,4,3,0.95,Packaging needs to keep it fresh till I get home.,Delivery App,3.97,3,Social Media,No,4,60,Medium
349,39,Other,Medium,2,None,1,188,1,2,5,3,4,0.9,Would love a combo with salad instead of fries.,Drive-Thru,3.83,2,In-store Promo,No,2,0,Medium
350,58,Female,Low,2,Burgers,1,239,2,3,3,4,4,0.55,Would love a combo with salad instead of fries.,Dine-In,1.38,5,Word of Mouth,No,2,10,Medium
351,29,Female,High,10,Fried Chicken,1,205,5,4,1,4,2,0.73,"I usually come here for indulgent food, not salads.",Dine-In,0.34,5,In-store Promo,No,2,11,High
352,28,Other,Low,9,Sandwiches,0,378,4,5,2,3,3,0.64,Would love a combo with salad instead of fries.,Delivery App,1.97,4,TV,No,3,93,Medium
353,44,Male,Medium,3,Burgers,1,196,5,2,5,4,1,0.79,I'd love a fresh salad option on the menu.,Delivery App,0.75,3,In-store Promo,No,4,90,Medium
354,56,Female,Low,9,Burgers,1,378,4,5,5,1,1,0.6,"I usually come here for indulgent food, not salads.",Takeaway Counter,3.14,3,In-store Promo,No,2,71,Low
355,29,Female,Low,8,Pizza,0,210,3,4,3,1,3,0.31,I'd love a fresh salad option on the menu.,Dine-In,2.55,3,Word of Mouth,No,3,33,Medium
356,34,Other,Low,3,Pizza,0,242,2,1,4,1,2,0.24,"Price is a concern, salads are usually costly.",Drive-Thru,1.23,1,In-store Promo,Yes,4,55,Low
357,49,Male,Medium,9,Sandwiches,1,214,2,5,3,2,2,0.93,Would love a combo with salad instead of fries.,Takeaway Counter,4.13,5,Online Ads,Yes,1,67,Medium
358,29,Female,High,4,None,0,171,3,5,1,4,3,0.42,I'd switch some visits to a salad if it's affordable.,Drive-Thru,4.2,2,Social Media,Yes,4,58,Medium
359,35,Other,Medium,6,Burgers,0,358,3,5,5,2,2,0.22,I'd love a fresh salad option on the menu.,Online Order/App,1.68,1,Social Media,Yes,5,48,Low
360,34,Male,Low,7,Burgers,1,218,4,4,2,1,3,0.72,Healthy options would make me visit more often.,Delivery App,3.71,3,Online Ads,Yes,1,47,Medium
361,49,Female,High,8,Pizza,1,269,4,5,4,4,1,0.67,I'd love a fresh salad option on the menu.,Takeaway Counter,1.77,4,TV,No,2,63,Medium
362,59,Other,Low,8,Sandwiches,1,344,3,5,3,2,5,0.92,Convenience matters more to me than health.,Online Order/App,2.89,5,Social Media,No,5,13,Medium
363,44,Male,Medium,10,None,1,251,1,5,4,2,2,0.87,Convenience matters more to me than health.,Drive-Thru,0.51,3,Word of Mouth,No,4,96,Medium
364,57,Female,Low,3,Fried Chicken,1,293,5,3,4,5,1,0.95,I'd love a fresh salad option on the menu.,Delivery App,0.67,2,In-store Promo,Yes,4,84,High
365,56,Other,Medium,10,None,0,272,4,5,2,1,2,0.44,Not sure if a salad fits a fast food place.,Drive-Thru,3.51,2,Social Media,Yes,2,83,Low
366,58,Other,Low,5,None,0,255,1,5,4,4,4,0.62,I'd love a fresh salad option on the menu.,Delivery App,2.97,2,Word of Mouth,No,4,6,Low
367,24,Other,High,7,Sandwiches,0,323,5,4,1,4,4,0.05,Healthy options would make me visit more often.,Takeaway Counter,3.0,5,In-store Promo,Yes,1,67,Low
368,54,Female,Medium,5,Fries/Sides Only,1,255,4,2,4,4,1,0.65,"Price is a concern, salads are usually costly.",Online Order/App,3.66,4,Word of Mouth,Yes,5,28,Medium
369,39,Other,High,8,Fried Chicken,0,329,4,5,3,4,2,0.39,I'd switch some visits to a salad if it's affordable.,Dine-In,1.48,1,In-store Promo,Yes,2,20,Medium
370,24,Female,High,8,Pizza,1,295,1,4,2,2,5,0.95,I'd love a fresh salad option on the menu.,Drive-Thru,1.75,1,Online Ads,Yes,5,28,Medium
371,39,Female,High,9,Pizza,0,363,5,4,1,4,4,0.44,Not sure if a salad fits a fast food place.,Drive-Thru,3.93,5,Social Media,No,1,64,Low
372,58,Male,High,6,Fried Chicken,0,310,5,2,2,3,3,0.42,"Price is a concern, salads are usually costly.",Drive-Thru,4.26,4,In-store Promo,No,1,31,High
373,48,Female,Low,3,Burgers,1,287,4,2,2,5,4,0.93,Great idea if the portions are filling enough.,Dine-In,4.03,4,In-store Promo,No,5,87,Low
374,19,Female,Low,1,Fries/Sides Only,0,317,1,2,2,4,1,0.45,Convenience matters more to me than health.,Drive-Thru,3.33,2,Online Ads,Yes,5,37,Medium
375,53,Female,Medium,6,Pizza,1,224,5,3,4,4,2,0.77,Worried a salad won't taste as good as your burgers.,Takeaway Counter,3.96,4,Word of Mouth,No,4,99,Low
376,37,Male,Low,6,Sandwiches,0,316,2,3,2,1,5,0.4,Worried a salad won't taste as good as your burgers.,Online Order/App,2.65,2,Social Media,Yes,5,75,Low
377,37,Other,Medium,9,Burgers,0,360,3,4,1,1,4,0.38,"I usually come here for indulgent food, not salads.",Takeaway Counter,3.71,4,Word of Mouth,No,5,72,Medium
378,58,Other,Medium,10,Fried Chicken,1,257,5,4,5,2,1,0.69,Would try it if there are good dressing options.,Takeaway Counter,2.95,3,In-store Promo,Yes,4,52,Low
379,21,Female,High,8,Fried Chicken,1,258,5,3,4,3,5,0.95,Healthy options would make me visit more often.,Delivery App,4.98,4,In-store Promo,No,2,64,Low
380,47,Male,High,9,None,1,331,4,3,5,3,1,0.92,I'd switch some visits to a salad if it's affordable.,Delivery App,0.64,3,Online Ads,Yes,5,19,Low
381,37,Female,Low,8,Burgers,0,212,5,2,3,3,2,0.63,"Price is a concern, salads are usually costly.",Delivery App,0.11,5,Word of Mouth,Yes,1,53,Medium
382,37,Other,Medium,6,None,1,335,5,4,4,4,4,0.88,"Price is a concern, salads are usually costly.",Online Order/App,0.54,5,Online Ads,Yes,2,50,Low
383,20,Other,High,5,Fries/Sides Only,1,193,1,2,3,5,1,0.68,Packaging needs to keep it fresh till I get home.,Takeaway Counter,0.52,5,Online Ads,No,1,72,Medium
384,48,Other,High,2,Fries/Sides Only,0,172,1,2,5,4,1,0.44,Worried a salad won't taste as good as your burgers.,Takeaway Counter,1.67,5,Social Media,Yes,1,43,Medium
385,44,Male,High,6,Sandwiches,1,191,1,3,2,3,1,0.79,"Price is a concern, salads are usually costly.",Online Order/App,4.77,2,Social Media,No,3,23,Low
386,21,Female,Medium,6,Fried Chicken,1,233,4,5,1,2,2,0.7,I'd switch some visits to a salad if it's affordable.,Takeaway Counter,1.26,5,Online Ads,Yes,1,34,Low
387,47,Other,Medium,8,Burgers,1,231,1,4,1,2,5,0.95,Packaging needs to keep it fresh till I get home.,Dine-In,1.59,4,In-store Promo,Yes,5,26,Medium
388,27,Female,Medium,3,None,1,335,5,3,4,5,3,0.76,Packaging needs to keep it fresh till I get home.,Dine-In,0.1,4,Word of Mouth,No,4,44,High
389,31,Other,High,5,Burgers,1,267,1,3,1,2,5,0.94,"I usually come here for indulgent food, not salads.",Delivery App,1.13,5,Word of Mouth,No,3,81,Low
390,46,Female,Low,6,Pizza,1,360,3,5,1,5,4,0.84,I'd love a fresh salad option on the menu.,Drive-Thru,3.4,4,Online Ads,No,4,97,Low
391,23,Other,Medium,9,Burgers,0,355,4,4,4,5,3,0.36,Convenience matters more to me than health.,Dine-In,4.21,1,Social Media,Yes,2,56,Low
392,19,Female,Medium,6,Fried Chicken,1,291,3,4,4,3,1,0.72,"I usually come here for indulgent food, not salads.",Delivery App,4.53,5,TV,Yes,4,14,High
393,54,Other,Medium,9,Fried Chicken,1,305,5,4,2,1,2,0.86,"I usually come here for indulgent food, not salads.",Takeaway Counter,4.29,5,Word of Mouth,Yes,1,88,Medium
394,57,Female,Medium,8,Burgers,0,312,1,5,4,3,1,0.35,Packaging needs to keep it fresh till I get home.,Takeaway Counter,2.39,3,Online Ads,No,2,6,Low
395,44,Other,Medium,1,Sandwiches,1,144,5,3,2,4,1,0.29,Great idea if the portions are filling enough.,Dine-In,0.91,3,Social Media,No,1,3,Medium
396,19,Other,High,6,None,1,190,2,5,3,5,2,0.75,Not sure if a salad fits a fast food place.,Takeaway Counter,3.14,1,In-store Promo,No,1,7,High
397,42,Female,High,2,None,1,320,4,4,4,1,1,0.81,Packaging needs to keep it fresh till I get home.,Drive-Thru,2.84,3,In-store Promo,Yes,5,96,Medium
398,56,Other,Medium,8,Sandwiches,1,270,5,4,1,4,5,0.77,Would try it if there are good dressing options.,Takeaway Counter,1.04,1,Social Media,No,1,75,Medium
399,30,Other,Low,9,Pizza,1,288,5,4,1,1,2,0.92,"I usually come here for indulgent food, not salads.",Takeaway Counter,2.24,3,Word of Mouth,No,5,99,Low
400,48,Female,Medium,5,Pizza,0,264,2,5,5,1,4,0.46,Would try it if there are good dressing options.,Dine-In,4.88,2,Social Media,Yes,4,88,Medium
401,47,Other,Medium,10,Wraps,0,323,4,5,1,4,2,0.56,I'd love a fresh salad option on the menu.,Dine-In,3.5,4,Online Ads,Yes,4,94,Medium
402,39,Other,Medium,7,Fried Chicken,0,177,1,4,1,2,3,0.46,Healthy options would make me visit more often.,Dine-In,3.19,3,Social Media,No,2,25,Low
403,32,Female,Medium,6,None,0,204,1,4,1,1,2,0.52,Convenience matters more to me than health.,Drive-Thru,1.76,2,Word of Mouth,Yes,3,47,Medium
404,51,Other,High,2,Burgers,1,321,2,3,3,3,5,0.88,Convenience matters more to me than health.,Dine-In,4.61,5,Online Ads,Yes,5,37,Medium
405,38,Male,Low,5,None,1,262,5,4,1,4,5,0.73,Not sure if a salad fits a fast food place.,Dine-In,2.59,5,Word of Mouth,Yes,4,22,Low
406,41,Other,Medium,8,Sandwiches,1,264,5,4,2,4,2,0.78,Convenience matters more to me than health.,Dine-In,1.6,4,Online Ads,Yes,3,32,Medium
407,26,Male,Low,9,Pizza,1,200,5,4,4,4,4,0.77,Would try it if there are good dressing options.,Delivery App,1.65,4,Social Media,Yes,2,33,Medium
408,40,Male,Low,9,Wraps,1,208,3,5,1,3,1,0.85,Worried a salad won't taste as good as your burgers.,Dine-In,1.74,3,Word of Mouth,Yes,3,24,Medium
409,26,Other,Medium,5,Burgers,0,216,3,4,4,5,1,0.25,Healthy options would make me visit more often.,Takeaway Counter,4.95,2,In-store Promo,Yes,2,60,Low
410,55,Other,High,8,Pizza,0,247,2,2,4,2,4,0.61,Healthy options would make me visit more often.,Takeaway Counter,0.25,2,Online Ads,No,3,94,Low
411,60,Female,Low,7,Sandwiches,0,257,5,4,5,1,2,0.63,"Price is a concern, salads are usually costly.",Online Order/App,2.88,5,Online Ads,No,4,48,Low
412,43,Male,Medium,4,Sandwiches,1,266,4,3,2,1,5,0.68,"Price is a concern, salads are usually costly.",Drive-Thru,4.15,5,In-store Promo,Yes,2,8,High
413,42,Female,Low,5,Fries/Sides Only,0,251,3,3,4,4,2,0.39,Not sure if a salad fits a fast food place.,Dine-In,2.73,4,Social Media,Yes,2,16,High
414,37,Female,High,8,Fried Chicken,1,372,5,5,4,3,2,0.95,I'd love a fresh salad option on the menu.,Dine-In,2.28,4,Online Ads,No,5,42,High
415,49,Female,Medium,1,Fries/Sides Only,1,257,4,1,3,4,5,0.95,"Price is a concern, salads are usually costly.",Delivery App,1.32,5,In-store Promo,Yes,2,89,Medium
416,43,Other,High,4,None,1,329,5,3,2,4,4,0.95,Worried a salad won't taste as good as your burgers.,Drive-Thru,4.98,1,Social Media,Yes,3,52,Medium
417,34,Male,Medium,8,Burgers,1,323,4,3,2,4,1,0.95,I'd love a fresh salad option on the menu.,Online Order/App,0.66,2,Word of Mouth,No,4,62,Medium
418,23,Other,Medium,8,Fried Chicken,1,240,2,4,1,2,3,0.89,Not sure if a salad fits a fast food place.,Takeaway Counter,3.73,2,Social Media,No,1,86,Low
419,46,Female,Low,1,Fries/Sides Only,0,216,1,3,1,4,3,0.09,Healthy options would make me visit more often.,Drive-Thru,3.03,1,In-store Promo,No,2,47,High
420,30,Male,Low,1,Burgers,0,166,1,3,2,2,1,0.62,Convenience matters more to me than health.,Takeaway Counter,0.63,3,Word of Mouth,No,2,79,Low
421,52,Female,High,2,Fried Chicken,1,207,2,4,1,4,2,0.76,Healthy options would make me visit more often.,Dine-In,0.42,3,Online Ads,Yes,1,27,Medium
422,56,Female,High,2,Fries/Sides Only,0,334,5,4,5,3,4,0.67,Packaging needs to keep it fresh till I get home.,Dine-In,1.73,3,In-store Promo,Yes,1,77,High
423,46,Female,Medium,4,Wraps,0,350,2,5,1,3,2,0.41,Would love a combo with salad instead of fries.,Delivery App,3.81,5,Social Media,Yes,3,63,Low
424,27,Female,Low,1,Fried Chicken,0,248,4,2,3,3,1,0.19,Worried a salad won't taste as good as your burgers.,Delivery App,3.28,3,Social Media,Yes,3,43,Low
425,52,Male,High,4,None,0,296,5,4,2,4,1,0.25,Not sure if a salad fits a fast food place.,Delivery App,0.44,2,Social Media,No,2,26,Low
426,29,Other,Medium,4,Fried Chicken,0,237,4,3,2,4,2,0.6,I'd switch some visits to a salad if it's affordable.,Dine-In,1.59,5,In-store Promo,No,2,34,High
427,48,Male,High,6,Sandwiches,1,262,4,2,2,4,1,0.81,Convenience matters more to me than health.,Delivery App,4.28,3,Online Ads,Yes,5,93,Low
428,42,Female,Low,5,Sandwiches,0,256,3,4,2,2,1,0.53,I'd love a fresh salad option on the menu.,Takeaway Counter,3.68,3,In-store Promo,Yes,4,50,High
429,41,Female,Medium,10,Burgers,1,208,1,4,2,4,3,0.95,Would love a combo with salad instead of fries.,Online Order/App,2.6,4,Word of Mouth,No,4,54,Medium
430,33,Female,Low,6,Fries/Sides Only,0,174,2,4,2,3,2,0.58,I'd switch some visits to a salad if it's affordable.,Takeaway Counter,4.76,2,Social Media,Yes,1,82,Medium
431,42,Female,Medium,2,Wraps,0,311,2,3,3,5,5,0.24,Packaging needs to keep it fresh till I get home.,Delivery App,2.97,4,Social Media,Yes,5,99,Medium
432,27,Female,Medium,7,Fries/Sides Only,1,373,4,4,4,5,4,0.84,Packaging needs to keep it fresh till I get home.,Online Order/App,3.69,2,TV,Yes,2,25,Medium
433,50,Male,Medium,4,Fried Chicken,1,302,2,3,4,4,5,0.95,Not sure if a salad fits a fast food place.,Dine-In,0.49,1,In-store Promo,Yes,1,43,Low
434,33,Female,Medium,2,Burgers,1,286,1,2,1,1,2,0.51,Worried a salad won't taste as good as your burgers.,Drive-Thru,1.94,5,Word of Mouth,No,4,96,Low
435,45,Female,Medium,6,Pizza,0,356,4,4,3,3,1,0.46,I'd love a fresh salad option on the menu.,Delivery App,4.37,4,TV,Yes,1,67,Low
436,33,Female,Medium,8,Wraps,1,222,3,5,1,3,4,0.87,Great idea if the portions are filling enough.,Takeaway Counter,2.47,5,Social Media,Yes,4,84,High
437,24,Other,Medium,10,Fried Chicken,1,374,5,5,1,2,4,0.67,Not sure if a salad fits a fast food place.,Online Order/App,4.18,5,In-store Promo,Yes,4,14,Medium
438,52,Male,Low,3,None,0,284,1,1,2,3,4,0.45,"I usually come here for indulgent food, not salads.",Dine-In,3.62,4,Social Media,No,5,81,Medium
439,23,Other,Low,4,Wraps,0,272,3,2,4,5,4,0.55,Great idea if the portions are filling enough.,Dine-In,1.37,3,Social Media,Yes,3,94,Medium
440,30,Other,High,10,Pizza,1,263,4,5,1,5,5,0.9,Great idea if the portions are filling enough.,Delivery App,4.9,3,Word of Mouth,No,2,66,Medium
441,55,Male,Low,1,Wraps,0,191,3,3,4,2,5,0.17,"I usually come here for indulgent food, not salads.",Dine-In,3.76,1,Online Ads,Yes,5,88,Low
442,54,Female,Medium,4,Sandwiches,1,345,1,4,2,2,1,0.76,"Price is a concern, salads are usually costly.",Delivery App,3.66,3,TV,No,5,50,Low
443,48,Female,High,7,Burgers,1,233,2,4,1,2,3,0.66,I'd switch some visits to a salad if it's affordable.,Drive-Thru,4.26,3,In-store Promo,No,5,17,Medium
444,48,Female,High,4,Fried Chicken,0,191,1,2,1,2,4,0.6,Convenience matters more to me than health.,Dine-In,4.64,1,Word of Mouth,No,2,6,Low
445,50,Other,Low,7,Fried Chicken,0,257,1,5,3,5,2,0.54,Packaging needs to keep it fresh till I get home.,Delivery App,3.9,1,In-store Promo,No,4,35,Medium
446,46,Female,Low,2,Burgers,1,264,5,3,5,4,3,0.94,Would love a combo with salad instead of fries.,Drive-Thru,3.99,2,In-store Promo,Yes,4,38,Medium
447,24,Female,Low,9,Fried Chicken,1,332,4,4,5,4,1,0.82,Worried a salad won't taste as good as your burgers.,Takeaway Counter,2.74,1,TV,No,1,23,High
448,29,Male,Medium,6,Burgers,1,283,2,4,1,1,1,0.88,Worried a salad won't taste as good as your burgers.,Online Order/App,1.88,5,TV,Yes,1,31,Low
449,51,Female,Medium,8,Fried Chicken,1,323,5,5,5,5,5,0.59,Great idea if the portions are filling enough.,Drive-Thru,3.35,1,TV,Yes,2,38,High
450,31,Male,Medium,4,Wraps,1,178,5,2,3,4,2,0.87,Convenience matters more to me than health.,Delivery App,0.51,3,In-store Promo,No,2,68,Low
451,58,Other,Low,4,Fries/Sides Only,1,283,5,2,2,3,4,0.68,Convenience matters more to me than health.,Drive-Thru,4.82,2,Social Media,Yes,5,14,Medium
452,44,Male,Low,2,Pizza,0,292,2,3,1,1,4,0.26,Great idea if the portions are filling enough.,Delivery App,4.76,1,TV,Yes,3,75,High
453,49,Male,Medium,10,None,1,254,1,5,4,2,3,0.84,Would love a combo with salad instead of fries.,Takeaway Counter,2.8,4,In-store Promo,No,3,1,Medium
454,27,Other,Low,7,Wraps,0,187,3,4,5,4,4,0.33,"Price is a concern, salads are usually costly.",Delivery App,4.93,4,Online Ads,Yes,4,66,High
455,32,Female,Medium,2,Pizza,0,199,1,2,2,1,2,0.3,I'd switch some visits to a salad if it's affordable.,Drive-Thru,0.51,3,Online Ads,No,1,54,Medium
456,26,Female,Medium,9,Fries/Sides Only,1,195,2,5,4,5,3,0.75,Great idea if the portions are filling enough.,Takeaway Counter,3.45,1,Online Ads,Yes,2,86,High
457,51,Male,Low,6,None,1,239,1,3,3,1,3,0.89,Packaging needs to keep it fresh till I get home.,Dine-In,4.18,1,Word of Mouth,Yes,3,33,Low
458,58,Other,Medium,5,Fries/Sides Only,0,339,4,5,1,3,1,0.22,I'd switch some visits to a salad if it's affordable.,Delivery App,1.71,3,Social Media,Yes,2,51,Low
459,24,Female,Medium,2,Wraps,0,167,1,3,3,2,4,0.33,Convenience matters more to me than health.,Online Order/App,1.57,4,TV,Yes,3,13,High
460,60,Female,Low,6,Fries/Sides Only,1,240,2,4,2,4,4,0.9,Would love a combo with salad instead of fries.,Online Order/App,4.51,2,TV,No,3,15,Medium
461,53,Female,High,3,Pizza,0,300,4,1,4,2,1,0.36,Not sure if a salad fits a fast food place.,Drive-Thru,0.72,3,Online Ads,Yes,2,6,Medium
462,39,Female,High,1,Sandwiches,0,184,1,2,2,5,2,0.21,Great idea if the portions are filling enough.,Online Order/App,3.86,3,TV,No,4,25,Medium
463,24,Other,Medium,10,Fried Chicken,1,371,2,5,1,3,2,0.95,"Price is a concern, salads are usually costly.",Delivery App,0.19,2,Social Media,No,4,52,Medium
464,58,Male,Low,7,Sandwiches,1,261,1,4,3,3,4,0.95,Great idea if the portions are filling enough.,Online Order/App,4.49,2,Social Media,Yes,3,27,Low
465,35,Other,Low,3,Pizza,0,217,3,4,5,2,3,0.5,Would try it if there are good dressing options.,Online Order/App,3.74,5,Online Ads,No,2,83,Low
466,55,Female,Low,2,Fried Chicken,0,256,1,1,2,2,4,0.17,Not sure if a salad fits a fast food place.,Drive-Thru,4.71,5,Word of Mouth,Yes,4,97,Low
467,27,Male,Low,7,Wraps,0,354,5,5,4,1,4,0.39,Not sure if a salad fits a fast food place.,Delivery App,2.15,5,Social Media,Yes,3,89,High
468,36,Male,High,1,None,0,166,4,1,5,1,2,0.33,Healthy options would make me visit more often.,Takeaway Counter,1.98,4,In-store Promo,No,2,23,Low
469,54,Male,Medium,1,None,0,229,5,2,3,3,5,0.61,Not sure if a salad fits a fast food place.,Dine-In,1.2,5,TV,Yes,2,35,High
470,35,Male,Medium,4,None,1,175,3,1,3,1,5,0.48,"I usually come here for indulgent food, not salads.",Dine-In,2.1,5,Word of Mouth,Yes,1,80,High
471,40,Male,Medium,5,Fried Chicken,1,163,5,5,4,3,5,0.95,Worried a salad won't taste as good as your burgers.,Dine-In,4.1,2,Word of Mouth,Yes,5,80,High
472,43,Male,Medium,7,Pizza,1,272,4,4,2,2,5,0.93,Healthy options would make me visit more often.,Dine-In,3.27,1,Word of Mouth,Yes,2,50,Medium
473,30,Male,Low,7,Fried Chicken,1,305,4,5,1,5,1,0.95,Convenience matters more to me than health.,Delivery App,0.2,1,Social Media,Yes,1,34,Low
474,58,Other,Low,1,None,1,275,3,3,2,4,5,0.67,Healthy options would make me visit more often.,Dine-In,1.61,4,TV,Yes,5,88,Low
475,52,Male,Low,1,Burgers,0,149,4,4,1,2,4,0.58,Convenience matters more to me than health.,Dine-In,1.83,3,TV,No,4,87,High
476,25,Female,Low,2,Fried Chicken,1,327,3,3,3,1,1,0.8,I'd switch some visits to a salad if it's affordable.,Dine-In,0.97,5,Word of Mouth,No,4,19,High
477,37,Other,High,6,Burgers,1,268,3,5,1,1,2,0.71,Packaging needs to keep it fresh till I get home.,Dine-In,1.67,4,In-store Promo,No,4,8,Low
478,45,Other,Low,2,Pizza,0,172,4,2,4,4,5,0.48,Packaging needs to keep it fresh till I get home.,Online Order/App,0.78,2,In-store Promo,Yes,4,68,Medium
479,52,Other,High,7,Burgers,0,260,5,4,2,1,2,0.17,Would try it if there are good dressing options.,Drive-Thru,1.1,1,Word of Mouth,No,2,14,Low
480,40,Female,High,3,Pizza,0,311,5,5,2,2,2,0.3,I'd love a fresh salad option on the menu.,Dine-In,0.67,2,In-store Promo,No,4,47,Low
481,24,Other,Medium,8,None,1,216,2,4,1,1,5,0.91,Convenience matters more to me than health.,Dine-In,3.85,4,TV,No,3,60,Medium
482,39,Female,High,1,Pizza,1,140,1,2,2,1,4,0.66,Convenience matters more to me than health.,Delivery App,2.82,3,Online Ads,Yes,2,54,High
483,35,Male,Medium,3,Fries/Sides Only,1,268,2,1,5,5,1,0.93,Would love a combo with salad instead of fries.,Delivery App,2.44,4,In-store Promo,Yes,3,82,Medium
484,35,Male,Low,6,Wraps,0,235,2,4,1,2,5,0.6,I'd love a fresh salad option on the menu.,Online Order/App,1.02,2,Social Media,Yes,1,72,Medium
485,54,Female,Low,6,Burgers,0,170,3,4,5,2,3,0.05,Convenience matters more to me than health.,Online Order/App,4.87,1,Word of Mouth,Yes,5,12,Medium
486,27,Male,Medium,7,Sandwiches,0,346,3,5,1,1,2,0.63,Great idea if the portions are filling enough.,Dine-In,3.87,2,Online Ads,Yes,5,83,Medium
487,39,Female,High,6,Pizza,1,339,4,5,4,2,2,0.88,I'd switch some visits to a salad if it's affordable.,Takeaway Counter,0.47,2,Online Ads,No,4,12,High
488,27,Female,Medium,2,Sandwiches,1,199,3,3,3,3,1,0.84,Not sure if a salad fits a fast food place.,Dine-In,3.58,4,Word of Mouth,No,3,97,High
489,59,Male,High,10,Sandwiches,1,372,4,4,2,4,3,0.95,Worried a salad won't taste as good as your burgers.,Takeaway Counter,4.77,3,Social Media,No,5,57,Low
490,20,Other,High,1,Fries/Sides Only,0,268,5,4,3,4,2,0.33,I'd switch some visits to a salad if it's affordable.,Delivery App,4.28,2,In-store Promo,No,1,44,Medium
491,59,Other,High,8,Burgers,1,330,4,4,3,1,3,0.76,Would try it if there are good dressing options.,Takeaway Counter,2.48,4,Social Media,Yes,1,69,Low
492,48,Male,Medium,6,Wraps,1,288,4,5,4,4,2,0.92,I'd love a fresh salad option on the menu.,Dine-In,4.35,4,Word of Mouth,Yes,2,10,Low
493,35,Female,Low,8,None,1,227,3,5,4,3,3,0.91,"Price is a concern, salads are usually costly.",Dine-In,1.81,4,In-store Promo,Yes,2,89,Medium
494,54,Female,High,9,None,0,232,5,4,3,1,2,0.39,Healthy options would make me visit more often.,Dine-In,2.55,3,Social Media,No,4,33,Medium
495,18,Female,High,3,Fries/Sides Only,0,338,1,5,2,4,5,0.42,"Price is a concern, salads are usually costly.",Takeaway Counter,1.95,3,TV,No,5,1,Low
496,41,Male,Low,5,Wraps,0,185,4,3,4,3,3,0.27,Worried a salad won't taste as good as your burgers.,Delivery App,2.66,3,Social Media,No,4,54,Low
497,53,Other,Low,7,Sandwiches,1,308,4,3,1,1,1,0.67,Not sure if a salad fits a fast food place.,Drive-Thru,3.12,4,Social Media,Yes,5,69,Low
498,46,Other,Medium,1,Fries/Sides Only,0,212,2,3,1,2,4,0.13,Not sure if a salad fits a fast food place.,Online Order/App,4.84,4,In-store Promo,No,4,0,High
499,32,Other,Low,5,Pizza,0,319,4,3,4,1,1,0.39,I'd love a fresh salad option on the menu.,Dine-In,3.97,5,Online Ads,Yes,2,73,High
500,33,Other,High,4,Wraps,0,318,5,1,4,2,4,0.53,Would try it if there are good dressing options.,Takeaway Counter,0.88,2,Social Media,No,2,64,Low
